[{"model": "contenttypes.contenttype", "pk": 1, "fields": {"app_label": "admin", "model": "logentry"}}, {"model": "contenttypes.contenttype", "pk": 2, "fields": {"app_label": "auth", "model": "permission"}}, {"model": "contenttypes.contenttype", "pk": 3, "fields": {"app_label": "auth", "model": "group"}}, {"model": "contenttypes.contenttype", "pk": 4, "fields": {"app_label": "contenttypes", "model": "contenttype"}}, {"model": "contenttypes.contenttype", "pk": 5, "fields": {"app_label": "sessions", "model": "session"}}, {"model": "contenttypes.contenttype", "pk": 6, "fields": {"app_label": "authtoken", "model": "token"}}, {"model": "contenttypes.contenttype", "pk": 7, "fields": {"app_label": "api", "model": "user"}}, {"model": "contenttypes.contenttype", "pk": 8, "fields": {"app_label": "api", "model": "equipments"}}, {"model": "contenttypes.contenttype", "pk": 9, "fields": {"app_label": "api", "model": "selectedequipments"}}, {"model": "sessions.session", "pk": "16xvba0d7kmqzvw3b442snlof92c2lbt", "fields": {"session_data": "ZGRhNmM3MjA5NzFkMDE2ZDIxZTY2MTllZGM1ODIyNTJiMTNhODVlNTp7Il9hdXRoX3VzZXJfaWQiOiI5IiwiX2F1dGhfdXNlcl9iYWNrZW5kIjoiZGphbmdvLmNvbnRyaWIuYXV0aC5iYWNrZW5kcy5Nb2RlbEJhY2tlbmQiLCJfYXV0aF91c2VyX2hhc2giOiIzYTQzNmFhODliMWM4OWI4YjY4NDY5NWI2NjM2OGJmNmViOTYyMzg3In0=", "expire_date": "2022-03-17T07:43:26.630Z"}}, {"model": "sessions.session", "pk": "1gxlwvi4fp3piyq0983ukxnf9r9ycjka", "fields": {"session_data": "ZGRhNmM3MjA5NzFkMDE2ZDIxZTY2MTllZGM1ODIyNTJiMTNhODVlNTp7Il9hdXRoX3VzZXJfaWQiOiI5IiwiX2F1dGhfdXNlcl9iYWNrZW5kIjoiZGphbmdvLmNvbnRyaWIuYXV0aC5iYWNrZW5kcy5Nb2RlbEJhY2tlbmQiLCJfYXV0aF91c2VyX2hhc2giOiIzYTQzNmFhODliMWM4OWI4YjY4NDY5NWI2NjM2OGJmNmViOTYyMzg3In0=", "expire_date": "2022-03-18T07:10:23.196Z"}}, {"model": "sessions.session", "pk": "4uyiiv17odu4rz7g4fq9h1y9spq0m2g9", "fields": {"session_data": "ZGRhNmM3MjA5NzFkMDE2ZDIxZTY2MTllZGM1ODIyNTJiMTNhODVlNTp7Il9hdXRoX3VzZXJfaWQiOiI5IiwiX2F1dGhfdXNlcl9iYWNrZW5kIjoiZGphbmdvLmNvbnRyaWIuYXV0aC5iYWNrZW5kcy5Nb2RlbEJhY2tlbmQiLCJfYXV0aF91c2VyX2hhc2giOiIzYTQzNmFhODliMWM4OWI4YjY4NDY5NWI2NjM2OGJmNmViOTYyMzg3In0=", "expire_date": "2022-03-17T05:21:42.357Z"}}, {"model": "sessions.session", "pk": "cjla83hp6nde3au5hi034o1z7jbc4lyn", "fields": {"session_data": "NjFkMDE2ZWQ2YjgzNGI4MWUxMWY4MTYzOWRiZmU5ZGY5YjA4MDQxYzp7Il9hdXRoX3VzZXJfaWQiOiIxIiwiX2F1dGhfdXNlcl9iYWNrZW5kIjoiZGphbmdvLmNvbnRyaWIuYXV0aC5iYWNrZW5kcy5Nb2RlbEJhY2tlbmQiLCJfYXV0aF91c2VyX2hhc2giOiIzMDIyZjI0N2Y3OWFhMmM2ODExMGUyYTczN2I3MDUyYTEwMTQzZDMxIn0=", "expire_date": "2022-03-16T13:00:28.233Z"}}, {"model": "sessions.session", "pk": "iqpv1czt08bpdncctwrtspidgty3nlol", "fields": {"session_data": "ZGRhNmM3MjA5NzFkMDE2ZDIxZTY2MTllZGM1ODIyNTJiMTNhODVlNTp7Il9hdXRoX3VzZXJfaWQiOiI5IiwiX2F1dGhfdXNlcl9iYWNrZW5kIjoiZGphbmdvLmNvbnRyaWIuYXV0aC5iYWNrZW5kcy5Nb2RlbEJhY2tlbmQiLCJfYXV0aF91c2VyX2hhc2giOiIzYTQzNmFhODliMWM4OWI4YjY4NDY5NWI2NjM2OGJmNmViOTYyMzg3In0=", "expire_date": "2022-03-18T06:45:11.490Z"}}, {"model": "auth.permission", "pk": 1, "fields": {"name": "Can add log entry", "content_type": 1, "codename": "add_logentry"}}, {"model": "auth.permission", "pk": 2, "fields": {"name": "Can change log entry", "content_type": 1, "codename": "change_logentry"}}, {"model": "auth.permission", "pk": 3, "fields": {"name": "Can delete log entry", "content_type": 1, "codename": "delete_logentry"}}, {"model": "auth.permission", "pk": 4, "fields": {"name": "Can view log entry", "content_type": 1, "codename": "view_logentry"}}, {"model": "auth.permission", "pk": 5, "fields": {"name": "Can add permission", "content_type": 2, "codename": "add_permission"}}, {"model": "auth.permission", "pk": 6, "fields": {"name": "Can change permission", "content_type": 2, "codename": "change_permission"}}, {"model": "auth.permission", "pk": 7, "fields": {"name": "Can delete permission", "content_type": 2, "codename": "delete_permission"}}, {"model": "auth.permission", "pk": 8, "fields": {"name": "Can view permission", "content_type": 2, "codename": "view_permission"}}, {"model": "auth.permission", "pk": 9, "fields": {"name": "Can add group", "content_type": 3, "codename": "add_group"}}, {"model": "auth.permission", "pk": 10, "fields": {"name": "Can change group", "content_type": 3, "codename": "change_group"}}, {"model": "auth.permission", "pk": 11, "fields": {"name": "Can delete group", "content_type": 3, "codename": "delete_group"}}, {"model": "auth.permission", "pk": 12, "fields": {"name": "Can view group", "content_type": 3, "codename": "view_group"}}, {"model": "auth.permission", "pk": 13, "fields": {"name": "Can add content type", "content_type": 4, "codename": "add_contenttype"}}, {"model": "auth.permission", "pk": 14, "fields": {"name": "Can change content type", "content_type": 4, "codename": "change_contenttype"}}, {"model": "auth.permission", "pk": 15, "fields": {"name": "Can delete content type", "content_type": 4, "codename": "delete_contenttype"}}, {"model": "auth.permission", "pk": 16, "fields": {"name": "Can view content type", "content_type": 4, "codename": "view_contenttype"}}, {"model": "auth.permission", "pk": 17, "fields": {"name": "Can add session", "content_type": 5, "codename": "add_session"}}, {"model": "auth.permission", "pk": 18, "fields": {"name": "Can change session", "content_type": 5, "codename": "change_session"}}, {"model": "auth.permission", "pk": 19, "fields": {"name": "Can delete session", "content_type": 5, "codename": "delete_session"}}, {"model": "auth.permission", "pk": 20, "fields": {"name": "Can view session", "content_type": 5, "codename": "view_session"}}, {"model": "auth.permission", "pk": 21, "fields": {"name": "Can add Token", "content_type": 6, "codename": "add_token"}}, {"model": "auth.permission", "pk": 22, "fields": {"name": "Can change Token", "content_type": 6, "codename": "change_token"}}, {"model": "auth.permission", "pk": 23, "fields": {"name": "Can delete Token", "content_type": 6, "codename": "delete_token"}}, {"model": "auth.permission", "pk": 24, "fields": {"name": "Can view Token", "content_type": 6, "codename": "view_token"}}, {"model": "auth.permission", "pk": 25, "fields": {"name": "Can add user", "content_type": 7, "codename": "add_user"}}, {"model": "auth.permission", "pk": 26, "fields": {"name": "Can change user", "content_type": 7, "codename": "change_user"}}, {"model": "auth.permission", "pk": 27, "fields": {"name": "Can delete user", "content_type": 7, "codename": "delete_user"}}, {"model": "auth.permission", "pk": 28, "fields": {"name": "Can view user", "content_type": 7, "codename": "view_user"}}, {"model": "auth.permission", "pk": 29, "fields": {"name": "Can add equipments", "content_type": 8, "codename": "add_equipments"}}, {"model": "auth.permission", "pk": 30, "fields": {"name": "Can change equipments", "content_type": 8, "codename": "change_equipments"}}, {"model": "auth.permission", "pk": 31, "fields": {"name": "Can delete equipments", "content_type": 8, "codename": "delete_equipments"}}, {"model": "auth.permission", "pk": 32, "fields": {"name": "Can view equipments", "content_type": 8, "codename": "view_equipments"}}, {"model": "auth.permission", "pk": 33, "fields": {"name": "Can add selected equipments", "content_type": 9, "codename": "add_selectedequipments"}}, {"model": "auth.permission", "pk": 34, "fields": {"name": "Can change selected equipments", "content_type": 9, "codename": "change_selectedequipments"}}, {"model": "auth.permission", "pk": 35, "fields": {"name": "Can delete selected equipments", "content_type": 9, "codename": "delete_selectedequipments"}}, {"model": "auth.permission", "pk": 36, "fields": {"name": "Can view selected equipments", "content_type": 9, "codename": "view_selectedequipments"}}, {"model": "api.user", "pk": 1, "fields": {"password": "pbkdf2_sha256$180000$Dwa2mIx2PIgD$FZHpnrzVPR32I8YM36SAAyTKW5P3ij2ULY7ZGih/1hY=", "last_login": "2022-03-03T04:08:53.103Z", "is_superuser": true, "email": "nikita@yopmail.com", "name": "nikita", "is_active": true, "is_staff": true, "roles": null, "employee_supervisor": null, "user_status": null, "device_token": null, "created_at": "2022-03-02T13:00:17.910Z", "updated_at": "2022-03-02T13:00:17.997Z", "deleted_at": null, "is_deleted": false, "groups": [], "user_permissions": []}}, {"model": "api.user", "pk": 2, "fields": {"password": "Mind@123", "last_login": null, "is_superuser": false, "email": "aditya@yopmail.com", "name": "aditya", "is_active": true, "is_staff": true, "roles": "Suprevisor", "employee_supervisor": null, "user_status": null, "device_token": null, "created_at": "2022-03-02T13:01:25.626Z", "updated_at": "2022-03-02T13:03:10.745Z", "deleted_at": null, "is_deleted": false, "groups": [], "user_permissions": []}}, {"model": "api.user", "pk": 3, "fields": {"password": "Mind@123", "last_login": null, "is_superuser": false, "email": "ananay@yopmail.com", "name": "ananya", "is_active": true, "is_staff": true, "roles": "employee", "employee_supervisor": 2, "user_status": null, "device_token": null, "created_at": "2022-03-02T13:32:02.542Z", "updated_at": "2022-03-02T13:32:02.542Z", "deleted_at": null, "is_deleted": false, "groups": [], "user_permissions": []}}, {"model": "api.user", "pk": 4, "fields": {"password": "pbkdf2_sha256$180000$40iSQWYNjyNF$Mhtw6oU6Try9r6tj7kVysTJb3X4Zuja66voSuAt61XI=", "last_login": "2022-03-02T14:30:42.374Z", "is_superuser": false, "email": "nayomi@yopmail.com", "name": "nayomi", "is_active": true, "is_staff": true, "roles": null, "employee_supervisor": null, "user_status": null, "device_token": null, "created_at": "2022-03-02T14:02:03.906Z", "updated_at": "2022-03-02T14:02:03.906Z", "deleted_at": null, "is_deleted": false, "groups": [], "user_permissions": []}}, {"model": "api.user", "pk": 5, "fields": {"password": "pbkdf2_sha256$180000$9M2rW7ng13JZ$5p4kPCxTFxL4DjEHGLneVAL3jhZhjzj2zvDURmU4wl0=", "last_login": null, "is_superuser": true, "email": "nayra@yopmail.com", "name": "nayra", "is_active": true, "is_staff": true, "roles": "employee", "employee_supervisor": 1, "user_status": null, "device_token": null, "created_at": "2022-03-02T14:08:03.614Z", "updated_at": "2022-03-02T14:10:53.275Z", "deleted_at": null, "is_deleted": false, "groups": [], "user_permissions": []}}, {"model": "api.user", "pk": 6, "fields": {"password": "pbkdf2_sha256$180000$x7XFVPJI6h7Q$czm0EJ5tthYvYDaCY9jPP6YrdLMeLzEXFsg844C0dzw=", "last_login": null, "is_superuser": true, "email": "admin@admin.com", "name": "admin", "is_active": true, "is_staff": true, "roles": null, "employee_supervisor": null, "user_status": null, "device_token": null, "created_at": "2022-03-02T14:11:46.238Z", "updated_at": "2022-03-02T14:11:46.409Z", "deleted_at": null, "is_deleted": false, "groups": [], "user_permissions": []}}, {"model": "api.user", "pk": 7, "fields": {"password": "pbkdf2_sha256$180000$rEz4bULXXQIN$wYX7mjWsUissu0ffpfok2SKAJRZJjHKj3rpzPbC5pIY=", "last_login": "2022-03-02T14:29:09.114Z", "is_superuser": true, "email": "test@yopmail.com", "name": "test", "is_active": true, "is_staff": true, "roles": null, "employee_supervisor": null, "user_status": null, "device_token": null, "created_at": "2022-03-02T14:20:55.954Z", "updated_at": "2022-03-02T14:20:56.055Z", "deleted_at": null, "is_deleted": false, "groups": [], "user_permissions": []}}, {"model": "api.user", "pk": 8, "fields": {"password": "pbkdf2_sha256$180000$4ZXslx1WQ3u2$W9UYcJ5LKgZNC9hWmGtZZ4fNIFdeDrJE7ca+2XEIid8=", "last_login": "2022-03-03T04:06:14.394Z", "is_superuser": false, "email": "mind@yopmail.com", "name": "Mind", "is_active": true, "is_staff": true, "roles": "employee", "employee_supervisor": 1, "user_status": null, "device_token": null, "created_at": "2022-03-02T14:36:33.512Z", "updated_at": "2022-03-02T14:36:33.512Z", "deleted_at": null, "is_deleted": false, "groups": [], "user_permissions": []}}, {"model": "api.user", "pk": 9, "fields": {"password": "pbkdf2_sha256$180000$nE5kESqLKFuE$Al0SCFCBOrEy5CFWDyOhydxUbr3I78LfBUDrTsyGqWY=", "last_login": "2022-03-04T07:10:23.004Z", "is_superuser": false, "email": "employee@yopmail.com", "name": "employee", "is_active": true, "is_staff": false, "roles": "employee", "employee_supervisor": 8, "user_status": 3, "device_token": "dZi8OJoUGUIrpFuri5jtIV:APA91bH47ngzCxI9m6eUYUc_rvnsplsJH_0vk7hUjjxtI12c8Vg6okYbkh_7qJ3C27iyzr1JXgNVAdW1kbLPX1mCFexzGBusgkxN1NM_u4VtChYiKeZ9lZh7SmfMmWMDxWwkGUvCELGw", "created_at": "2022-03-03T05:13:03.829Z", "updated_at": "2022-03-04T07:14:55.946Z", "deleted_at": null, "is_deleted": false, "groups": [], "user_permissions": []}}, {"model": "api.equipments", "pk": 1, "fields": {"name": "Helmet", "created_by": 1, "created_at": "2022-03-02T13:06:09.044Z", "updated_at": "2022-03-02T13:06:09.044Z", "deleted_at": null, "is_deleted": false, "status": false, "image": "uploads/helmet_pC8bIaE.jpeg", "selected_by": null}}, {"model": "api.equipments", "pk": 2, "fields": {"name": "Hatter Helmet", "created_by": 1, "created_at": "2022-03-02T13:06:33.117Z", "updated_at": "2022-03-02T13:07:46.737Z", "deleted_at": null, "is_deleted": false, "status": false, "image": "uploads/hatter-helmet_lrLSxgo.jpg", "selected_by": null}}, {"model": "api.equipments", "pk": 3, "fields": {"name": "Helmet With Visor", "created_by": 1, "created_at": "2022-03-02T13:07:30.930Z", "updated_at": "2022-03-02T13:07:30.930Z", "deleted_at": null, "is_deleted": false, "status": false, "image": "uploads/helmet-visor_N4czflc.png", "selected_by": null}}, {"model": "api.equipments", "pk": 4, "fields": {"name": "Safety Shoes", "created_by": 1, "created_at": "2022-03-02T13:08:19.758Z", "updated_at": "2022-03-02T13:08:19.758Z", "deleted_at": null, "is_deleted": false, "status": false, "image": "uploads/safety-shoes_x532xKf.jpeg", "selected_by": null}}, {"model": "api.equipments", "pk": 5, "fields": {"name": "Isolated Boots", "created_by": 1, "created_at": "2022-03-02T13:09:02.084Z", "updated_at": "2022-03-02T13:09:02.084Z", "deleted_at": null, "is_deleted": false, "status": false, "image": "uploads/isolation-shoes_pbLLfGg.png", "selected_by": null}}, {"model": "api.equipments", "pk": 6, "fields": {"name": "Rubber Boots", "created_by": 1, "created_at": "2022-03-02T13:09:33.664Z", "updated_at": "2022-03-02T13:09:33.664Z", "deleted_at": null, "is_deleted": false, "status": false, "image": "uploads/rubber-shoes_BRxRb6P.jpeg", "selected_by": null}}, {"model": "api.equipments", "pk": 7, "fields": {"name": "Voltage Detector (36 KV)", "created_by": 1, "created_at": "2022-03-02T13:09:57.953Z", "updated_at": "2022-03-02T13:09:57.953Z", "deleted_at": null, "is_deleted": false, "status": false, "image": "uploads/voltage-detector_dbiltt8.jpg", "selected_by": null}}, {"model": "api.equipments", "pk": 8, "fields": {"name": "Voltage Detector (170 KV)", "created_by": 1, "created_at": "2022-03-02T13:10:23.427Z", "updated_at": "2022-03-02T13:10:23.427Z", "deleted_at": null, "is_deleted": false, "status": false, "image": "uploads/voltage-170_2tAlv1f.jpg", "selected_by": null}}, {"model": "api.equipments", "pk": 9, "fields": {"name": "Voltage Detector (400 KV)", "created_by": 1, "created_at": "2022-03-02T13:12:23.228Z", "updated_at": "2022-03-02T13:12:23.228Z", "deleted_at": null, "is_deleted": false, "status": false, "image": "uploads/voltage-400_9b5Dn2X.jpg", "selected_by": null}}, {"model": "api.equipments", "pk": 10, "fields": {"name": "Busbar Grounding Equipment", "created_by": 1, "created_at": "2022-03-02T13:13:11.940Z", "updated_at": "2022-03-02T13:13:11.940Z", "deleted_at": null, "is_deleted": false, "status": false, "image": "uploads/busbar_Ew31nSH.jpg", "selected_by": null}}, {"model": "api.equipments", "pk": 11, "fields": {"name": "Grounding Equipment", "created_by": 1, "created_at": "2022-03-02T13:14:52.511Z", "updated_at": "2022-03-02T13:14:52.511Z", "deleted_at": null, "is_deleted": false, "status": false, "image": "uploads/gounding.jpg", "selected_by": null}}, {"model": "api.equipments", "pk": 12, "fields": {"name": "Arc Resistant OG Insulating Glove", "created_by": 1, "created_at": "2022-03-02T13:28:27.922Z", "updated_at": "2022-03-02T16:07:35.121Z", "deleted_at": null, "is_deleted": false, "status": false, "image": "uploads/insulating-glove.png", "selected_by": null}}, {"model": "api.equipments", "pk": 13, "fields": {"name": "Acid Glove", "created_by": 1, "created_at": "2022-03-02T16:29:35.193Z", "updated_at": "2022-03-02T16:29:35.193Z", "deleted_at": null, "is_deleted": false, "status": false, "image": "uploads/acid-glove.webp", "selected_by": null}}, {"model": "api.equipments", "pk": 14, "fields": {"name": "Acid Glasses", "created_by": 1, "created_at": "2022-03-02T16:41:26.680Z", "updated_at": "2022-03-02T16:41:26.680Z", "deleted_at": null, "is_deleted": false, "status": false, "image": "uploads/acid-glasses.jpg", "selected_by": null}}, {"model": "api.equipments", "pk": 15, "fields": {"name": "Acid  Apron", "created_by": 1, "created_at": "2022-03-02T16:42:16.869Z", "updated_at": "2022-03-02T16:42:16.869Z", "deleted_at": null, "is_deleted": false, "status": false, "image": "uploads/acid-aprov.webp", "selected_by": null}}, {"model": "api.equipments", "pk": 16, "fields": {"name": "Tree Cut Protection Kit", "created_by": 1, "created_at": "2022-03-02T16:42:59.316Z", "updated_at": "2022-03-02T16:42:59.317Z", "deleted_at": null, "is_deleted": false, "status": false, "image": "uploads/tree-kit.jpeg", "selected_by": null}}, {"model": "api.equipments", "pk": 17, "fields": {"name": "Tree Cutting Pants", "created_by": 1, "created_at": "2022-03-02T16:43:41.093Z", "updated_at": "2022-03-02T16:43:41.093Z", "deleted_at": null, "is_deleted": false, "status": false, "image": "uploads/tree-pant.jpg", "selected_by": null}}, {"model": "api.selectedequipments", "pk": 1, "fields": {"user_id": null, "created_at": "2022-03-03T04:01:09.283Z", "updated_at": "2022-03-03T04:01:09.283Z", "device_token": null, "deleted_at": null, "is_deleted": false, "selected_equipment": []}}, {"model": "api.selectedequipments", "pk": 2, "fields": {"user_id": null, "created_at": "2022-03-03T04:03:08.734Z", "updated_at": "2022-03-03T04:03:08.734Z", "device_token": null, "deleted_at": null, "is_deleted": false, "selected_equipment": []}}, {"model": "api.selectedequipments", "pk": 3, "fields": {"user_id": null, "created_at": "2022-03-03T04:03:10.954Z", "updated_at": "2022-03-03T04:03:10.954Z", "device_token": null, "deleted_at": null, "is_deleted": false, "selected_equipment": []}}, {"model": "api.selectedequipments", "pk": 4, "fields": {"user_id": null, "created_at": "2022-03-03T04:03:13.079Z", "updated_at": "2022-03-03T04:03:13.079Z", "device_token": null, "deleted_at": null, "is_deleted": false, "selected_equipment": []}}, {"model": "api.selectedequipments", "pk": 5, "fields": {"user_id": null, "created_at": "2022-03-03T04:13:47.546Z", "updated_at": "2022-03-03T04:13:47.546Z", "device_token": null, "deleted_at": null, "is_deleted": false, "selected_equipment": []}}, {"model": "api.selectedequipments", "pk": 6, "fields": {"user_id": null, "created_at": "2022-03-03T04:14:00.633Z", "updated_at": "2022-03-03T04:14:00.633Z", "device_token": null, "deleted_at": null, "is_deleted": false, "selected_equipment": []}}, {"model": "api.selectedequipments", "pk": 7, "fields": {"user_id": null, "created_at": "2022-03-03T04:14:39.774Z", "updated_at": "2022-03-03T04:14:39.774Z", "device_token": null, "deleted_at": null, "is_deleted": false, "selected_equipment": []}}, {"model": "api.selectedequipments", "pk": 8, "fields": {"user_id": null, "created_at": "2022-03-03T04:15:32.087Z", "updated_at": "2022-03-03T04:15:32.087Z", "device_token": null, "deleted_at": null, "is_deleted": false, "selected_equipment": []}}, {"model": "api.selectedequipments", "pk": 9, "fields": {"user_id": null, "created_at": "2022-03-03T04:16:49.769Z", "updated_at": "2022-03-03T04:16:49.769Z", "device_token": null, "deleted_at": null, "is_deleted": false, "selected_equipment": []}}, {"model": "api.selectedequipments", "pk": 10, "fields": {"user_id": null, "created_at": "2022-03-03T04:18:10.285Z", "updated_at": "2022-03-03T04:18:10.285Z", "device_token": null, "deleted_at": null, "is_deleted": false, "selected_equipment": []}}, {"model": "api.selectedequipments", "pk": 11, "fields": {"user_id": null, "created_at": "2022-03-03T04:18:13.440Z", "updated_at": "2022-03-03T04:18:13.440Z", "device_token": null, "deleted_at": null, "is_deleted": false, "selected_equipment": []}}, {"model": "api.selectedequipments", "pk": 12, "fields": {"user_id": null, "created_at": "2022-03-03T04:20:06.562Z", "updated_at": "2022-03-03T04:20:06.562Z", "device_token": null, "deleted_at": null, "is_deleted": false, "selected_equipment": []}}, {"model": "api.selectedequipments", "pk": 13, "fields": {"user_id": null, "created_at": "2022-03-03T04:20:25.709Z", "updated_at": "2022-03-03T04:20:25.709Z", "device_token": null, "deleted_at": null, "is_deleted": false, "selected_equipment": []}}, {"model": "api.selectedequipments", "pk": 14, "fields": {"user_id": null, "created_at": "2022-03-03T04:24:32.170Z", "updated_at": "2022-03-03T04:24:32.170Z", "device_token": null, "deleted_at": null, "is_deleted": false, "selected_equipment": []}}, {"model": "api.selectedequipments", "pk": 15, "fields": {"user_id": 1, "created_at": "2022-03-03T04:25:44.202Z", "updated_at": "2022-03-03T04:25:44.202Z", "device_token": null, "deleted_at": null, "is_deleted": false, "selected_equipment": []}}, {"model": "api.selectedequipments", "pk": 16, "fields": {"user_id": 1, "created_at": "2022-03-03T04:30:22.629Z", "updated_at": "2022-03-03T04:30:22.629Z", "device_token": null, "deleted_at": null, "is_deleted": false, "selected_equipment": []}}, {"model": "api.selectedequipments", "pk": 17, "fields": {"user_id": 1, "created_at": "2022-03-03T04:46:44.500Z", "updated_at": "2022-03-03T04:46:44.500Z", "device_token": null, "deleted_at": null, "is_deleted": false, "selected_equipment": []}}, {"model": "api.selectedequipments", "pk": 18, "fields": {"user_id": 1, "created_at": "2022-03-03T04:46:49.352Z", "updated_at": "2022-03-03T04:46:49.352Z", "device_token": null, "deleted_at": null, "is_deleted": false, "selected_equipment": []}}, {"model": "api.selectedequipments", "pk": 19, "fields": {"user_id": 1, "created_at": "2022-03-03T04:47:08.384Z", "updated_at": "2022-03-03T04:47:08.384Z", "device_token": null, "deleted_at": null, "is_deleted": false, "selected_equipment": []}}, {"model": "api.selectedequipments", "pk": 20, "fields": {"user_id": 1, "created_at": "2022-03-03T04:58:08.197Z", "updated_at": "2022-03-03T04:58:08.197Z", "device_token": null, "deleted_at": null, "is_deleted": false, "selected_equipment": []}}, {"model": "api.selectedequipments", "pk": 21, "fields": {"user_id": 1, "created_at": "2022-03-03T05:00:23.009Z", "updated_at": "2022-03-03T05:00:23.009Z", "device_token": null, "deleted_at": null, "is_deleted": false, "selected_equipment": []}}, {"model": "api.selectedequipments", "pk": 22, "fields": {"user_id": 1, "created_at": "2022-03-03T05:01:48.930Z", "updated_at": "2022-03-03T05:01:48.930Z", "device_token": null, "deleted_at": null, "is_deleted": false, "selected_equipment": [1]}}, {"model": "api.selectedequipments", "pk": 23, "fields": {"user_id": 1, "created_at": "2022-03-03T05:02:01.547Z", "updated_at": "2022-03-03T05:02:01.547Z", "device_token": null, "deleted_at": null, "is_deleted": false, "selected_equipment": [1, 2, 7]}}, {"model": "api.selectedequipments", "pk": 24, "fields": {"user_id": 9, "created_at": "2022-03-03T07:00:04.686Z", "updated_at": "2022-03-03T07:00:04.686Z", "device_token": null, "deleted_at": null, "is_deleted": false, "selected_equipment": [3, 4]}}, {"model": "api.selectedequipments", "pk": 25, "fields": {"user_id": 9, "created_at": "2022-03-03T07:27:24.183Z", "updated_at": "2022-03-03T07:27:24.183Z", "device_token": null, "deleted_at": null, "is_deleted": false, "selected_equipment": [5]}}, {"model": "api.selectedequipments", "pk": 26, "fields": {"user_id": 9, "created_at": "2022-03-03T07:29:46.685Z", "updated_at": "2022-03-03T07:29:46.685Z", "device_token": null, "deleted_at": null, "is_deleted": false, "selected_equipment": []}}, {"model": "api.selectedequipments", "pk": 27, "fields": {"user_id": 9, "created_at": "2022-03-03T07:30:02.205Z", "updated_at": "2022-03-03T07:30:02.205Z", "device_token": null, "deleted_at": null, "is_deleted": false, "selected_equipment": [16, 17]}}, {"model": "api.selectedequipments", "pk": 28, "fields": {"user_id": 9, "created_at": "2022-03-03T07:30:12.589Z", "updated_at": "2022-03-03T07:30:12.589Z", "device_token": null, "deleted_at": null, "is_deleted": false, "selected_equipment": [15, 16, 17]}}, {"model": "api.selectedequipments", "pk": 29, "fields": {"user_id": 9, "created_at": "2022-03-03T07:30:32.455Z", "updated_at": "2022-03-03T07:30:32.455Z", "device_token": null, "deleted_at": null, "is_deleted": false, "selected_equipment": []}}, {"model": "api.selectedequipments", "pk": 30, "fields": {"user_id": 9, "created_at": "2022-03-03T07:30:38.212Z", "updated_at": "2022-03-03T07:30:38.212Z", "device_token": null, "deleted_at": null, "is_deleted": false, "selected_equipment": [5]}}, {"model": "api.selectedequipments", "pk": 31, "fields": {"user_id": 9, "created_at": "2022-03-03T07:33:19.553Z", "updated_at": "2022-03-03T07:33:19.553Z", "device_token": null, "deleted_at": null, "is_deleted": false, "selected_equipment": [8, 10, 11]}}, {"model": "api.selectedequipments", "pk": 32, "fields": {"user_id": 9, "created_at": "2022-03-04T07:05:10.897Z", "updated_at": "2022-03-04T07:05:10.897Z", "device_token": null, "deleted_at": null, "is_deleted": false, "selected_equipment": [8, 10]}}, {"model": "api.selectedequipments", "pk": 33, "fields": {"user_id": 9, "created_at": "2022-03-04T07:05:16.464Z", "updated_at": "2022-03-04T07:05:16.464Z", "device_token": null, "deleted_at": null, "is_deleted": false, "selected_equipment": [8, 10]}}, {"model": "api.selectedequipments", "pk": 34, "fields": {"user_id": 9, "created_at": "2022-03-04T07:05:40.934Z", "updated_at": "2022-03-04T07:05:40.934Z", "device_token": null, "deleted_at": null, "is_deleted": false, "selected_equipment": [10, 11]}}, {"model": "api.selectedequipments", "pk": 35, "fields": {"user_id": 9, "created_at": "2022-03-04T07:05:43.293Z", "updated_at": "2022-03-04T07:05:43.293Z", "device_token": null, "deleted_at": null, "is_deleted": false, "selected_equipment": [10, 11]}}, {"model": "api.selectedequipments", "pk": 36, "fields": {"user_id": 9, "created_at": "2022-03-04T07:10:58.137Z", "updated_at": "2022-03-04T07:10:58.137Z", "device_token": null, "deleted_at": null, "is_deleted": false, "selected_equipment": [2, 3]}}, {"model": "api.selectedequipments", "pk": 37, "fields": {"user_id": 9, "created_at": "2022-03-04T07:11:19.466Z", "updated_at": "2022-03-04T07:11:19.466Z", "device_token": null, "deleted_at": null, "is_deleted": false, "selected_equipment": [7]}}, {"model": "api.selectedequipments", "pk": 38, "fields": {"user_id": 9, "created_at": "2022-03-04T07:11:37.057Z", "updated_at": "2022-03-04T07:11:37.057Z", "device_token": null, "deleted_at": null, "is_deleted": false, "selected_equipment": [7]}}, {"model": "api.selectedequipments", "pk": 39, "fields": {"user_id": 9, "created_at": "2022-03-04T07:11:52.447Z", "updated_at": "2022-03-04T07:11:52.447Z", "device_token": null, "deleted_at": null, "is_deleted": false, "selected_equipment": [7]}}, {"model": "api.selectedequipments", "pk": 40, "fields": {"user_id": 9, "created_at": "2022-03-04T07:14:40.134Z", "updated_at": "2022-03-04T07:14:40.134Z", "device_token": null, "deleted_at": null, "is_deleted": false, "selected_equipment": [9, 10]}}, {"model": "api.selectedequipments", "pk": 41, "fields": {"user_id": 9, "created_at": "2022-03-04T07:14:46.408Z", "updated_at": "2022-03-04T07:14:46.409Z", "device_token": null, "deleted_at": null, "is_deleted": false, "selected_equipment": [9, 10]}}, {"model": "authtoken.token", "pk": "7f84a7dd1b670fc38a6962f6833fa72777a0b0f4", "fields": {"user": 1, "created": "2022-03-02T13:02:03.743Z"}}, {"model": "authtoken.token", "pk": "905ebcd1ecde17db3f0ac093d529441be3ac9e26", "fields": {"user": 7, "created": "2022-03-02T14:29:09.227Z"}}, {"model": "authtoken.token", "pk": "a12c14331f010178935d53fddf7986d06f86e1d1", "fields": {"user": 4, "created": "2022-03-02T14:30:42.477Z"}}, {"model": "authtoken.token", "pk": "eab612360995e90d92fba634299a27a03bd15628", "fields": {"user": 8, "created": "2022-03-02T14:36:48.243Z"}}, {"model": "authtoken.token", "pk": "f3e4153a219f1bd4b899146ec65665d05b15ffd4", "fields": {"user": 9, "created": "2022-03-03T05:13:45.403Z"}}, {"model": "admin.logentry", "pk": 1, "fields": {"action_time": "2022-03-02T13:01:25.629Z", "user": 1, "content_type": 7, "object_id": "2", "object_repr": "aditya@yopmail.com", "action_flag": 1, "change_message": "[{\"added\": {}}]"}}, {"model": "admin.logentry", "pk": 2, "fields": {"action_time": "2022-03-02T13:03:10.749Z", "user": 1, "content_type": 7, "object_id": "2", "object_repr": "aditya@yopmail.com", "action_flag": 2, "change_message": "[{\"changed\": {\"fields\": [\"Is staff\"]}}]"}}, {"model": "admin.logentry", "pk": 3, "fields": {"action_time": "2022-03-02T13:06:09.045Z", "user": 1, "content_type": 8, "object_id": "1", "object_repr": "Equipments object (1)", "action_flag": 1, "change_message": "[{\"added\": {}}]"}}, {"model": "admin.logentry", "pk": 4, "fields": {"action_time": "2022-03-02T13:06:33.119Z", "user": 1, "content_type": 8, "object_id": "2", "object_repr": "Equipments object (2)", "action_flag": 1, "change_message": "[{\"added\": {}}]"}}, {"model": "admin.logentry", "pk": 5, "fields": {"action_time": "2022-03-02T13:07:30.932Z", "user": 1, "content_type": 8, "object_id": "3", "object_repr": "Equipments object (3)", "action_flag": 1, "change_message": "[{\"added\": {}}]"}}, {"model": "admin.logentry", "pk": 6, "fields": {"action_time": "2022-03-02T13:07:46.741Z", "user": 1, "content_type": 8, "object_id": "2", "object_repr": "Equipments object (2)", "action_flag": 2, "change_message": "[{\"changed\": {\"fields\": [\"Image\"]}}]"}}, {"model": "admin.logentry", "pk": 7, "fields": {"action_time": "2022-03-02T13:08:19.761Z", "user": 1, "content_type": 8, "object_id": "4", "object_repr": "Equipments object (4)", "action_flag": 1, "change_message": "[{\"added\": {}}]"}}, {"model": "admin.logentry", "pk": 8, "fields": {"action_time": "2022-03-02T13:09:02.086Z", "user": 1, "content_type": 8, "object_id": "5", "object_repr": "Equipments object (5)", "action_flag": 1, "change_message": "[{\"added\": {}}]"}}, {"model": "admin.logentry", "pk": 9, "fields": {"action_time": "2022-03-02T13:09:33.667Z", "user": 1, "content_type": 8, "object_id": "6", "object_repr": "Equipments object (6)", "action_flag": 1, "change_message": "[{\"added\": {}}]"}}, {"model": "admin.logentry", "pk": 10, "fields": {"action_time": "2022-03-02T13:09:57.955Z", "user": 1, "content_type": 8, "object_id": "7", "object_repr": "Equipments object (7)", "action_flag": 1, "change_message": "[{\"added\": {}}]"}}, {"model": "admin.logentry", "pk": 11, "fields": {"action_time": "2022-03-02T13:10:23.430Z", "user": 1, "content_type": 8, "object_id": "8", "object_repr": "Equipments object (8)", "action_flag": 1, "change_message": "[{\"added\": {}}]"}}, {"model": "admin.logentry", "pk": 12, "fields": {"action_time": "2022-03-02T13:12:23.231Z", "user": 1, "content_type": 8, "object_id": "9", "object_repr": "Equipments object (9)", "action_flag": 1, "change_message": "[{\"added\": {}}]"}}, {"model": "admin.logentry", "pk": 13, "fields": {"action_time": "2022-03-02T13:13:11.942Z", "user": 1, "content_type": 8, "object_id": "10", "object_repr": "Equipments object (10)", "action_flag": 1, "change_message": "[{\"added\": {}}]"}}, {"model": "admin.logentry", "pk": 14, "fields": {"action_time": "2022-03-02T13:14:52.512Z", "user": 1, "content_type": 8, "object_id": "11", "object_repr": "Equipments object (11)", "action_flag": 1, "change_message": "[{\"added\": {}}]"}}, {"model": "admin.logentry", "pk": 15, "fields": {"action_time": "2022-03-02T13:28:27.923Z", "user": 1, "content_type": 8, "object_id": "12", "object_repr": "Equipments object (12)", "action_flag": 1, "change_message": "[{\"added\": {}}]"}}, {"model": "admin.logentry", "pk": 16, "fields": {"action_time": "2022-03-02T13:32:02.547Z", "user": 1, "content_type": 7, "object_id": "3", "object_repr": "ananay@yopmail.com", "action_flag": 1, "change_message": "[{\"added\": {}}]"}}, {"model": "admin.logentry", "pk": 17, "fields": {"action_time": "2022-03-02T14:02:03.914Z", "user": 1, "content_type": 7, "object_id": "4", "object_repr": "nayomi@yopmail.com", "action_flag": 1, "change_message": "[{\"added\": {}}]"}}, {"model": "admin.logentry", "pk": 18, "fields": {"action_time": "2022-03-02T14:08:03.622Z", "user": 1, "content_type": 7, "object_id": "5", "object_repr": "nayra@yopmail.com", "action_flag": 1, "change_message": "[{\"added\": {}}]"}}, {"model": "admin.logentry", "pk": 19, "fields": {"action_time": "2022-03-02T14:10:53.277Z", "user": 1, "content_type": 7, "object_id": "5", "object_repr": "nayra@yopmail.com", "action_flag": 2, "change_message": "[{\"changed\": {\"fields\": [\"Superuser status\"]}}]"}}, {"model": "admin.logentry", "pk": 20, "fields": {"action_time": "2022-03-02T14:36:33.519Z", "user": 1, "content_type": 7, "object_id": "8", "object_repr": "mind@yopmail.com", "action_flag": 1, "change_message": "[{\"added\": {}}]"}}, {"model": "admin.logentry", "pk": 21, "fields": {"action_time": "2022-03-02T16:07:35.123Z", "user": 1, "content_type": 8, "object_id": "12", "object_repr": "Equipments object (12)", "action_flag": 2, "change_message": "[{\"changed\": {\"fields\": [\"Image\"]}}]"}}, {"model": "admin.logentry", "pk": 22, "fields": {"action_time": "2022-03-02T16:29:35.195Z", "user": 1, "content_type": 8, "object_id": "13", "object_repr": "Equipments object (13)", "action_flag": 1, "change_message": "[{\"added\": {}}]"}}, {"model": "admin.logentry", "pk": 23, "fields": {"action_time": "2022-03-02T16:41:26.683Z", "user": 1, "content_type": 8, "object_id": "14", "object_repr": "Equipments object (14)", "action_flag": 1, "change_message": "[{\"added\": {}}]"}}, {"model": "admin.logentry", "pk": 24, "fields": {"action_time": "2022-03-02T16:42:16.871Z", "user": 1, "content_type": 8, "object_id": "15", "object_repr": "Equipments object (15)", "action_flag": 1, "change_message": "[{\"added\": {}}]"}}, {"model": "admin.logentry", "pk": 25, "fields": {"action_time": "2022-03-02T16:42:59.318Z", "user": 1, "content_type": 8, "object_id": "16", "object_repr": "Equipments object (16)", "action_flag": 1, "change_message": "[{\"added\": {}}]"}}, {"model": "admin.logentry", "pk": 26, "fields": {"action_time": "2022-03-02T16:43:41.095Z", "user": 1, "content_type": 8, "object_id": "17", "object_repr": "Equipments object (17)", "action_flag": 1, "change_message": "[{\"added\": {}}]"}}, {"model": "admin.logentry", "pk": 27, "fields": {"action_time": "2022-03-03T05:13:03.837Z", "user": 1, "content_type": 7, "object_id": "9", "object_repr": "employee@yopmail.com", "action_flag": 1, "change_message": "[{\"added\": {}}]"}}, {"model": "admin.logentry", "pk": 28, "fields": {"action_time": "2022-03-03T06:59:58.065Z", "user": 1, "content_type": 8, "object_id": "18", "object_repr": "Equipments object (18)", "action_flag": 1, "change_message": "[{\"added\": {}}]"}}, {"model": "admin.logentry", "pk": 29, "fields": {"action_time": "2022-03-03T07:17:25.112Z", "user": 1, "content_type": 8, "object_id": "18", "object_repr": "Equipments object (18)", "action_flag": 3, "change_message": ""}}, {"model": "admin.logentry", "pk": 30, "fields": {"action_time": "2022-03-04T06:02:16.617Z", "user": 1, "content_type": 7, "object_id": "10", "object_repr": "", "action_flag": 3, "change_message": ""}}, {"model": "admin.logentry", "pk": 31, "fields": {"action_time": "2022-03-04T06:06:29.570Z", "user": 1, "content_type": 7, "object_id": "11", "object_repr": "", "action_flag": 3, "change_message": ""}}, {"model": "admin.logentry", "pk": 32, "fields": {"action_time": "2022-03-04T06:06:56.011Z", "user": 1, "content_type": 7, "object_id": "12", "object_repr": "", "action_flag": 3, "change_message": ""}}, {"model": "admin.logentry", "pk": 33, "fields": {"action_time": "2022-03-04T06:07:49.419Z", "user": 1, "content_type": 7, "object_id": "13", "object_repr": "", "action_flag": 3, "change_message": ""}}]